Workbook

Sheet README
A1: Portfolio tracker – sheet structure
A3: TABS
A4: Transactions – YOU enter one row per buy (or sell). Yellow cells are yours to fill.
A5: Prices – filled automatically by the script every evening (date, ticker, close in USD).
A6: FX – filled automatically by the script (date, USD→EUR rate from the ECB).
A7: Summary – formulas only, one row per price day: money put in, worth, difference. This is the only tab the web page reads.
A8: Settings – ticker you track and the secret word the web page must send when adding a transaction.
A10: RULES
A11: • Dates are real dates (YYYY-MM-DD), not text.
A12: • 'EUR spent' is what left your EUR cash balance for the shares, WITHOUT the fee. Fee goes in its own column. Both count as 'money put in'.
A13: • A sell is a row with negative Shares and negative EUR spent (money came back).
A14: • Never type into Prices, FX or Summary – the script and the formulas own them.
... A27: 7. Put both URLs into the web page's settings.

Sheet Settings
A1: Ticker | B1: VUAA | C1: Ticker as written in Transactions and Prices
A2: Secret word | B2: change-me-to-something-long | C2: The web page sends this with every add/edit/delete; the script rejects requests without it
A3: Yahoo symbol | B3: VUAA.L | C3: Symbol the script asks Yahoo Finance for (London listing)
A4: Currency of the ticker | B4: USD | C4: Prices are stored in this currency and converted to EUR with the FX tab

Sheet Transactions
A1: Date | B1: Ticker | C1: EUR spent | D1: Shares | E1: Price (USD) | F1: Fee (EUR) | G1: Note
A2: 46305 | B2: VUAA | C2: 132.9 | D2: 1 | E2: 152.82 | F2: 1.25 | G2: EXAMPLE – replace with your real buy

Sheet Prices
A1: Date | B1: Ticker | C1: Close (USD) | E1: Written by the script (fetchDaily). Example row shown; the script appends real closes below.
A2: 46311 | B2: VUAA | C2: 149.38

Sheet FX
A1: Date | B1: USD→EUR | D1: Written by the script from the ECB daily rate. USD→EUR = 1 / (EUR→USD). Example row shown.
A2: 46311 | B2: 0.8696

Sheet Summary
A1: Date | B1: Price (USD) | C1: USD→EUR | D1: Shares owned | E1: Money put in (EUR) | F1: Worth (EUR) | G1: Difference (EUR) | H1: Change since previous day (EUR) | J1: Formulas only – do not edit. One row per row in Prices. Money put in = EUR spent + fees up to that date. Worth = shares × price × USD→EUR. Rows are prepared down to row 1501 (≈6 years of trading days); copy the last row further down when you get there.
A2: =IF(Prices!A2="","",Prices!A2) -> 46311 | B2: =IF(A2="","",Prices!C2) -> 149.38 | C2: =IF(A2="","",IFERROR(INDEX(FX!$B:$B,MATCH(A2,FX!$A:$A,1)),"")) -> 0.8696 | D2: =IF(A2="","",SUMIFS(Transactions!$D:$D,Transactions!$A:$A,"<="&A2,Transactions!$B:$B,Settings!$B$1)) -> 1 | E2: =IF(A2="","",SUMIFS(Transactions!$C:$C,Transactions!$A:$A,"<="&A2,Transactions!$B:$B,Settings!$B$1)+SUMIFS(Transactions!$F:$F,Transactions!$A:$A,"<="&A2,Transactions!$B:$B,Settings!$B$1)) -> 134.15 | F2: =IF(A2="","",IF(C2="","",D2*B2*C2)) -> 129.90085 | G2: =IF(F2="","",F2-E2) -> -4.249152 | H2: =IF(F2="","",0) -> 0
A3: =IF(Prices!A3="","",Prices!A3) | B3: =IF(A3="","",Prices!C3) | C3: =IF(A3="","",IFERROR(INDEX(FX!$B:$B,MATCH(A3,FX!$A:$A,1)),"")) | D3: =IF(A3="","",SUMIFS(Transactions!$D:$D,Transactions!$A:$A,"<="&A3,Transactions!$B:$B,Settings!$B$1)) | E3: =IF(A3="","",SUMIFS(Transactions!$C:$C,Transactions!$A:$A,"<="&A3,Transactions!$B:$B,Settings!$B$1)+SUMIFS(Transactions!$F:$F,Transactions!$A:$A,"<="&A3,Transactions!$B:$B,Settings!$B$1)) | F3: =IF(A3="","",IF(C3="","",D3*B3*C3)) | G3: =IF(F3="","",F3-E3) | H3: =IF(F3="","",IFERROR(F3-F2-(E3-E2),0))
A4: =IF(Prices!A4="","",Prices!A4) | B4: =IF(A4="","",Prices!C4) | C4: =IF(A4="","",IFERROR(INDEX(FX!$B:$B,MATCH(A4,FX!$A:$A,1)),"")) | D4: =IF(A4="","",SUMIFS(Transactions!$D:$D,Transactions!$A:$A,"<="&A4,Transactions!$B:$B,Settings!$B$1)) | E4: =IF(A4="","",SUMIFS(Transactions!$C:$C,Transactions!$A:$A,"<="&A4,Transactions!$B:$B,Settings!$B$1)+SUMIFS(Transactions!$F:$F,Transactions!$A:$A,"<="&A4,Transactions!$B:$B,Settings!$B$1)) | F4: =IF(A4="","",IF(C4="","",D4*B4*C4)) | G4: =IF(F4="","",F4-E4) | H4: =IF(F4="","",IFERROR(F4-F3-(E4-E3),0))
A5: =IF(Prices!A5="","",Prices!A5) | B5: =IF(A5="","",Prices!C5) | C5: =IF(A5="","",IFERROR(INDEX(FX!$B:$B,MATCH(A5,FX!$A:$A,1)),"")) | D5: =IF(A5="","",SUMIFS(Transactions!$D:$D,Transactions!$A:$A,"<="&A5,Transactions!$B:$B,Settings!$B$1)) | E5: =IF(A5="","",SUMIFS(Transactions!$C:$C,Transactions!$A:$A,"<="&A5,Transactions!$B:$B,Settings!$B$1)+SUMIFS(Transactions!$F:$F,Transactions!$A:$A,"<="&A5,Transactions!$B:$B,Settings!$B$1)) | F5: =IF(A5="","",IF(C5="","",D5*B5*C5)) | G5: =IF(F5="","",F5-E5) | H5: =IF(F5="","",IFERROR(F5-F4-(E5-E4),0))
A6: =IF(Prices!A6="","",Prices!A6) | B6: =IF(A6="","",Prices!C6) | C6: =IF(A6="","",IFERROR(INDEX(FX!$B:$B,MATCH(A6,FX!$A:$A,1)),"")) | D6: =IF(A6="","",SUMIFS(Transactions!$D:$D,Transactions!$A:$A,"<="&A6,Transactions!$B:$B,Settings!$B$1)) | E6: =IF(A6="","",SUMIFS(Transactions!$C:$C,Transactions!$A:$A,"<="&A6,Transactions!$B:$B,Settings!$B$1)+SUMIFS(Transactions!$F:$F,Transactions!$A:$A,"<="&A6,Transactions!$B:$B,Settings!$B$1)) | F6: =IF(A6="","",IF(C6="","",D6*B6*C6)) | G6: =IF(F6="","",F6-E6) | H6: =IF(F6="","",IFERROR(F6-F5-(E6-E5),0))
A7: =IF(Prices!A7="","",Prices!A7) | B7: =IF(A7="","",Prices!C7) | C7: =IF(A7="","",IFERROR(INDEX(FX!$B:$B,MATCH(A7,FX!$A:$A,1)),"")) | D7: =IF(A7="","",SUMIFS(Transactions!$D:$D,Transactions!$A:$A,"<="&A7,Transactions!$B:$B,Settings!$B$1)) | E7: =IF(A7="","",SUMIFS(Transactions!$C:$C,Transactions!$A:$A,"<="&A7,Transactions!$B:$B,Settings!$B$1)+SUMIFS(Transactions!$F:$F,Transactions!$A:$A,"<="&A7,Transactions!$B:$B,Settings!$B$1)) | F7: =IF(A7="","",IF(C7="","",D7*B7*C7)) | G7: =IF(F7="","",F7-E7) | H7: =IF(F7="","",IFERROR(F7-F6-(E7-E6),0))
A8: =IF(Prices!A8="","",Prices!A8) | B8: =IF(A8="","",Prices!C8) | C8: =IF(A8="","",IFERROR(INDEX(FX!$B:$B,MATCH(A8,FX!$A:$A,1)),"")) | D8: =IF(A8="","",SUMIFS(Transactions!$D:$D,Transactions!$A:$A,"<="&A8,Transactions!$B:$B,Settings!$B$1)) | E8: =IF(A8="","",SUMIFS(Transactions!$C:$C,Transactions!$A:$A,"<="&A8,Transactions!$B:$B,Settings!$B$1)+SUMIFS(Transactions!$F:$F,Transactions!$A:$A,"<="&A8,Transactions!$B:$B,Settings!$B$1)) | F8: =IF(A8="","",IF(C8="","",D8*B8*C8)) | G8: =IF(F8="","",F8-E8) | H8: =IF(F8="","",IFERROR(F8-F7-(E8-E7),0))
A9: =IF(Prices!A9="","",Prices!A9) | B9: =IF(A9="","",Prices!C9) | C9: =IF(A9="","",IFERROR(INDEX(FX!$B:$B,MATCH(A9,FX!$A:$A,1)),"")) | D9: =IF(A9="","",SUMIFS(Transactions!$D:$D,Transactions!$A:$A,"<="&A9,Transactions!$B:$B,Settings!$B$1)) | E9: =IF(A9="","",SUMIFS(Transactions!$C:$C,Transactions!$A:$A,"<="&A9,Transactions!$B:$B,Settings!$B$1)+SUMIFS(Transactions!$F:$F,Transactions!$A:$A,"<="&A9,Transactions!$B:$B,Settings!$B$1)) | F9: =IF(A9="","",IF(C9="","",D9*B9*C9)) | G9: =IF(F9="","",F9-E9) | H9: =IF(F9="","",IFERROR(F9-F8-(E9-E8),0))
A10: =IF(Prices!A10="","",Prices!A10) | B10: =IF(A10="","",Prices!C10) | C10: =IF(A10="","",IFERROR(INDEX(FX!$B:$B,MATCH(A10,FX!$A:$A,1)),"")) | D10: =IF(A10="","",SUMIFS(Transactions!$D:$D,Transactions!$A:$A,"<="&A10,Transactions!$B:$B,Settings!$B$1)) | E10: =IF(A10="","",SUMIFS(Transactions!$C:$C,Transactions!$A:$A,"<="&A10,Transactions!$B:$B,Settings!$B$1)+SUMIFS(Transactions!$F:$F,Transactions!$A:$A,"<="&A10,Transactions!$B:$B,Settings!$B$1)) | F10: =IF(A10="","",IF(C10="","",D10*B10*C10)) | G10: =IF(F10="","",F10-E10) | H10: =IF(F10="","",IFERROR(F10-F9-(E10-E9),0))
A11: =IF(Prices!A11="","",Prices!A11) | B11: =IF(A11="","",Prices!C11) | C11: =IF(A11="","",IFERROR(INDEX(FX!$B:$B,MATCH(A11,FX!$A:$A,1)),"")) | D11: =IF(A11="","",SUMIFS(Transactions!$D:$D,Transactions!$A:$A,"<="&A11,Transactions!$B:$B,Settings!$B$1)) | E11: =IF(A11="","",SUMIFS(Transactions!$C:$C,Transactions!$A:$A,"<="&A11,Transactions!$B:$B,Settings!$B$1)+SUMIFS(Transactions!$F:$F,Transactions!$A:$A,"<="&A11,Transactions!$B:$B,Settings!$B$1)) | F11: =IF(A11="","",IF(C11="","",D11*B11*C11)) | G11: =IF(F11="","",F11-E11) | H11: =IF(F11="","",IFERROR(F11-F10-(E11-E10),0))
A12: =IF(Prices!A12="","",Prices!A12) | B12: =IF(A12="","",Prices!C12) | C12: =IF(A12="","",IFERROR(INDEX(FX!$B:$B,MATCH(A12,FX!$A:$A,1)),"")) | D12: =IF(A12="","",SUMIFS(Transactions!$D:$D,Transactions!$A:$A,"<="&A12,Transactions!$B:$B,Settings!$B$1)) | E12: =IF(A12="","",SUMIFS(Transactions!$C:$C,Transactions!$A:$A,"<="&A12,Transactions!$B:$B,Settings!$B$1)+SUMIFS(Transactions!$F:$F,Transactions!$A:$A,"<="&A12,Transactions!$B:$B,Settings!$B$1)) | F12: =IF(A12="","",IF(C12="","",D12*B12*C12)) | G12: =IF(F12="","",F12-E12) | H12: =IF(F12="","",IFERROR(F12-F11-(E12-E11),0))
A13: =IF(Prices!A13="","",Prices!A13) | B13: =IF(A13="","",Prices!C13) | C13: =IF(A13="","",IFERROR(INDEX(FX!$B:$B,MATCH(A13,FX!$A:$A,1)),"")) | D13: =IF(A13="","",SUMIFS(Transactions!$D:$D,Transactions!$A:$A,"<="&A13,Transactions!$B:$B,Settings!$B$1)) | E13: =IF(A13="","",SUMIFS(Transactions!$C:$C,Transactions!$A:$A,"<="&A13,Transactions!$B:$B,Settings!$B$1)+SUMIFS(Transactions!$F:$F,Transactions!$A:$A,"<="&A13,Transactions!$B:$B,Settings!$B$1)) | F13: =IF(A13="","",IF(C13="","",D13*B13*C13)) | G13: =IF(F13="","",F13-E13) | H13: =IF(F13="","",IFERROR(F13-F12-(E13-E12),0))
A14: =IF(Prices!A14="","",Prices!A14) | B14: =IF(A14="","",Prices!C14) | C14: =IF(A14="","",IFERROR(INDEX(FX!$B:$B,MATCH(A14,FX!$A:$A,1)),"")) | D14: =IF(A14="","",SUMIFS(Transactions!$D:$D,Transactions!$A:$A,"<="&A14,Transactions!$B:$B,Settings!$B$1)) | E14: =IF(A14="","",SUMIFS(Transactions!$C:$C,Transactions!$A:$A,"<="&A14,Transactions!$B:$B,Settings!$B$1)+SUMIFS(Transactions!$F:$F,Transactions!$A:$A,"<="&A14,Transactions!$B:$B,Settings!$B$1)) | F14: =IF(A14="","",IF(C14="","",D14*B14*C14)) | G14: =IF(F14="","",F14-E14) | H14: =IF(F14="","",IFERROR(F14-F13-(E14-E13),0))
... A1501: =IF(Prices!A1501="","",Prices!A1501) | B1501: =IF(A1501="","",Prices!C1501) | C1501: =IF(A1501="","",IFERROR(INDEX(FX!$B:$B,MATCH(A1501,FX!$A:$A,1)),"")) | D1501: =IF(A1501="","",SUMIFS(Transactions!$D:$D,Transactions!$A:$A,"<="&A1501,Transactions!$B:$B,Settings!$B$1)) | E1501: =IF(A1501="","",SUMIFS(Transactions!$C:$C,Transactions!$A:$A,"<="&A1501,Transactions!$B:$B,Settings!$B$1)+SUMIFS(Transactions!$F:$F,Transactions!$A:$A,"<="&A1501,Transactions!$B:$B,Settings!$B$1)) | F1501: =IF(A1501="","",IF(C1501="","",D1501*B1501*C1501)) | G1501: =IF(F1501="","",F1501-E1501) | H1501: =IF(F1501="","",IFERROR(F1501-F1500-(E1501-E1500),0))
